{"error":{"message":"invalid input syntax for type timestamp with time zone: \"Invalid date\"","name":"SequelizeDatabaseError","frames":[{"file":"node_modules/sequelize/lib/dialects/postgres/query.js","filePath":"/Users/denis/work/projetos/rocket-seat/gobarber/node_modules/sequelize/lib/dialects/postgres/query.js","method":"Query.formatError","line":366,"column":16,"context":{"start":361,"pre":"            parent: err\n          });\n        }\n      // falls through\n      default:","line":"        return new sequelizeErrors.DatabaseError(err);","post":"    }\n  }\n\n  isForeignKeysQuery() {\n    return /SELECT conname as constraint_name, pg_catalog\\.pg_get_constraintdef\\(r\\.oid, true\\) as condef FROM pg_catalog\\.pg_constraint r WHERE r\\.conrelid = \\(SELECT oid FROM pg_class WHERE relname = '.*' LIMIT 1\\) AND r\\.contype = 'f' ORDER BY 1;/.test(this.sql);"},"isModule":true,"isNative":false,"isApp":false},{"file":"node_modules/sequelize/lib/dialects/postgres/query.js","filePath":"/Users/denis/work/projetos/rocket-seat/gobarber/node_modules/sequelize/lib/dialects/postgres/query.js","method":null,"line":72,"column":18,"context":{"start":67,"pre":"        connection._invalid = true;\n      }\n\n      err.sql = sql;\n      err.parameters = parameters;","line":"      throw this.formatError(err);","post":"    })\n      .then(queryResult => {\n        complete();\n\n        let rows = Array.isArray(queryResult)"},"isModule":true,"isNative":false,"isApp":false},{"file":"node_modules/bluebird/js/release/util.js","filePath":"/Users/denis/work/projetos/rocket-seat/gobarber/node_modules/bluebird/js/release/util.js","method":"tryCatcher","line":16,"column":23,"context":{"start":11,"pre":"\nfunction tryCatcher() {\n    try {\n        var target = tryCatchTarget;\n        tryCatchTarget = null;","line":"        return target.apply(this, arguments);","post":"    } catch (e) {\n        errorObj.e = e;\n        return errorObj;\n    }\n}"},"isModule":true,"isNative":false,"isApp":false},{"file":"node_modules/bluebird/js/release/promise.js","filePath":"/Users/denis/work/projetos/rocket-seat/gobarber/node_modules/bluebird/js/release/promise.js","method":"Promise._settlePromiseFromHandler","line":547,"column":31,"context":{"start":542,"pre":"                                    util.classString(value));\n        } else {\n            x = tryCatch(handler).apply(this._boundValue(), value);\n        }\n    } else {","line":"        x = tryCatch(handler).call(receiver, value);","post":"    }\n    var promiseCreated = promise._popContext();\n    bitField = promise._bitField;\n    if (((bitField & 65536) !== 0)) return;\n"},"isModule":true,"isNative":false,"isApp":false},{"file":"node_modules/bluebird/js/release/promise.js","filePath":"/Users/denis/work/projetos/rocket-seat/gobarber/node_modules/bluebird/js/release/promise.js","method":"Promise._settlePromise","line":604,"column":18,"context":{"start":599,"pre":"    } else if (typeof handler === \"function\") {\n        if (!isPromise) {\n            handler.call(receiver, value, promise);\n        } else {\n            if (asyncGuaranteed) promise._setAsyncGuaranteed();","line":"            this._settlePromiseFromHandler(handler, receiver, value, promise);","post":"        }\n    } else if (receiver instanceof Proxyable) {\n        if (!receiver._isResolved()) {\n            if (((bitField & 33554432) !== 0)) {\n                receiver._promiseFulfilled(value, promise);"},"isModule":true,"isNative":false,"isApp":false},{"file":"node_modules/bluebird/js/release/promise.js","filePath":"/Users/denis/work/projetos/rocket-seat/gobarber/node_modules/bluebird/js/release/promise.js","method":"Promise._settlePromise0","line":649,"column":10,"context":{"start":644,"pre":"Promise.prototype._settlePromise0 = function(handler, value, bitField) {\n    var promise = this._promise0;\n    var receiver = this._receiverAt(0);\n    this._promise0 = undefined;\n    this._receiver0 = undefined;","line":"    this._settlePromise(promise, handler, receiver, value);","post":"};\n\nPromise.prototype._clearCallbackDataAtIndex = function(index) {\n    var base = index * 4 - 4;\n    this[base + 2] ="},"isModule":true,"isNative":false,"isApp":false},{"file":"node_modules/bluebird/js/release/promise.js","filePath":"/Users/denis/work/projetos/rocket-seat/gobarber/node_modules/bluebird/js/release/promise.js","method":"Promise._settlePromises","line":725,"column":18,"context":{"start":720,"pre":"    var len = (bitField & 65535);\n\n    if (len > 0) {\n        if (((bitField & 16842752) !== 0)) {\n            var reason = this._fulfillmentHandler0;","line":"            this._settlePromise0(this._rejectionHandler0, reason, bitField);","post":"            this._rejectPromises(len, reason);\n        } else {\n            var value = this._rejectionHandler0;\n            this._settlePromise0(this._fulfillmentHandler0, value, bitField);\n            this._fulfillPromises(len, value);"},"isModule":true,"isNative":false,"isApp":false},{"file":"node_modules/bluebird/js/release/async.js","filePath":"/Users/denis/work/projetos/rocket-seat/gobarber/node_modules/bluebird/js/release/async.js","method":"_drainQueueStep","line":93,"column":12,"context":{"start":88,"pre":"}\n\nfunction _drainQueueStep(queue) {\n    var fn = queue.shift();\n    if (typeof fn !== \"function\") {","line":"        fn._settlePromises();","post":"    } else {\n        var receiver = queue.shift();\n        var arg = queue.shift();\n        fn.call(receiver, arg);\n    }"},"isModule":true,"isNative":false,"isApp":false},{"file":"node_modules/bluebird/js/release/async.js","filePath":"/Users/denis/work/projetos/rocket-seat/gobarber/node_modules/bluebird/js/release/async.js","method":"_drainQueue","line":86,"column":9,"context":{"start":81,"pre":"Async.prototype.settlePromises = AsyncSettlePromises;\n\n\nfunction _drainQueue(queue) {\n    while (queue.length() > 0) {","line":"        _drainQueueStep(queue);","post":"    }\n}\n\nfunction _drainQueueStep(queue) {\n    var fn = queue.shift();"},"isModule":true,"isNative":false,"isApp":false},{"file":"node_modules/bluebird/js/release/async.js","filePath":"/Users/denis/work/projetos/rocket-seat/gobarber/node_modules/bluebird/js/release/async.js","method":"Async._drainQueues","line":102,"column":5,"context":{"start":97,"pre":"        fn.call(receiver, arg);\n    }\n}\n\nAsync.prototype._drainQueues = function () {","line":"    _drainQueue(this._normalQueue);","post":"    this._reset();\n    this._haveDrainedQueues = true;\n    _drainQueue(this._lateQueue);\n};\n"},"isModule":true,"isNative":false,"isApp":false},{"file":"node_modules/bluebird/js/release/async.js","filePath":"/Users/denis/work/projetos/rocket-seat/gobarber/node_modules/bluebird/js/release/async.js","method":"Immediate.Async.drainQueues [as _onImmediate]","line":15,"column":14,"context":{"start":10,"pre":"    this._lateQueue = new Queue(16);\n    this._normalQueue = new Queue(16);\n    this._haveDrainedQueues = false;\n    var self = this;\n    this.drainQueues = function () {","line":"        self._drainQueues();","post":"    };\n    this._schedule = schedule;\n}\n\nAsync.prototype.setScheduler = function(fn) {"},"isModule":true,"isNative":false,"isApp":false},{"file":"internal/timers.js","filePath":"internal/timers.js","method":"processImmediate","line":456,"column":21,"context":{},"isModule":false,"isNative":true,"isApp":false}]}}